Model,CV_Mean_Accuracy,CV_Std
Random Forest,0.9036612021857925,0.030521755076031564
Logistic Regression,0.8604371584699454,0.025076192532616927
