model,accuracy,precision,recall,f1_score
random_forest,0.8901098901098901,0.8853672643146329,0.8901098901098901,0.8851307674837086
logistic_regression,0.8791208791208791,0.8876992572644746,0.8791208791208791,0.8822573378878517
